{"mean": [53.70705903271693, 260.02720483641536, 74.91616287339971, 0.6065967283072546, 0.43278805120910385, 0.8755334281650071, 0.4441678520625889, 0.5445412517780939, 10.064053217414116, 0.441678520625889, 0.4455014224751067, 5.358285917496444, 5.986878938995655, 158633.83961593173, 28.901697054697557, 419.65167140825037, 3.385046230440967, 6.917763157894737, 135.1521159317212, 85.0403627311522, 0.698658418252102, 0.3422591440910173, 0.3281873260125838], "std": [20.475811805371137, 77.90950959425257, 19.752711838213884, 0.4885050025477624, 0.49546196013390376, 0.33011307809694157, 0.4968729930844451, 0.4980121252439948, 5.589320098810285, 0.4965869561754669, 0.49702103079021037, 2.7424749583020915, 3.3316922778847102, 80632.34326380785, 6.073118974306487, 218.95830241800695, 2.2042198306598473, 1.914813920654876, 25.32956095238553, 14.135513356384035, 0.442219335561844, 0.45669214752735204, 0.4525999761847197]}